index,trace_p,trace_r,trace_f1,trace_aupr,event_p,event_r,event_f1,event_aupr,attr_p,attr_r,attr_f1,attr_aupr,time
gigantic-0.05-1.json.gz,0.7454545454545455,0.6833333333333333,0.7130434782608696,0.7325236101742948,0,0,0,0,0,0,0,0,5.697600603103638
gigantic-0.05-1.json.gz,0.7454545454545455,0.6833333333333333,0.7130434782608696,0.7325236101742948,0,0,0,0,0,0,0,0,5.785510063171387
p2p-0.05-1.json.gz,1.0,0.7896678966789668,0.8824742268041237,0.8142834943656345,0,0,0,0,0,0,0,0,2.248028039932251
