index,trace_p,trace_r,trace_f1,trace_aupr,event_p,event_r,event_f1,event_aupr,attr_p,attr_r,attr_f1,attr_aupr,time
gigantic-0.05-1.json.gz,0.7195571955719557,0.8125,0.7632093933463797,0.804289622237722,0.6,0.5717344753747323,0.5855263157894737,0.5526405295972155,0.5138632162661737,0.5461689587426326,0.5295238095238095,0.4721798192874634,573.2401576042175
gigantic-0.05-1.json.gz,0.6426116838487973,0.7791666666666667,0.704331450094162,0.7816177886078995,0.6456456456456456,0.4603854389721627,0.5375,0.5250992642639473,0.6091370558375635,0.4715127701375246,0.53156146179402,0.4765928483527567,673.8213677406311
p2p-0.05-1.json.gz,0.9841897233201581,0.9188191881918819,0.9503816793893131,0.9778457168519364,0.8276643990929705,0.6746765249537893,0.7433808553971487,0.7967570814708463,0.6539735099337748,0.6528925619834711,0.6534325889164599,0.6074885867665389,529.0196344852448
