index,trace_p,trace_r,trace_f1,trace_aupr,event_p,event_r,event_f1,event_aupr,attr_p,attr_r,attr_f1,attr_aupr,time
gigantic-0.05-1.json.gz,1.0,0.4541666666666666,0.6246418338108882,0.4828637784410177,0,0,0,0,0,0,0,0,1044.2900540828705
gigantic-0.05-1.json.gz,1.0,0.45,0.6206896551724138,0.4809407266737774,0,0,0,0,0,0,0,0,1144.972007036209
p2p-0.05-1.json.gz,0.2907949790794979,0.5129151291512916,0.3711615487316422,0.33481064968168894,0,0,0,0,0,0,0,0,215.64249968528748
