index,trace_p,trace_r,trace_f1,trace_aupr,event_p,event_r,event_f1,event_aupr,attr_p,attr_r,attr_f1,attr_aupr,time
gigantic-0.05-1.json.gz,0.048167970358172,0.975,0.0918007061592781,0.0422696603257067,0,0,0,0,0,0,0,0,84.40881633758545
gigantic-0.05-1.json.gz,0.0492320639596044,0.975,0.0937312237131984,0.0443319421719188,0,0,0,0,0,0,0,0,86.71554064750671
p2p-0.05-1.json.gz,0.05508735868448099,0.988929889298893,0.10436137071651092,0.047506285239030624,0,0,0,0,0,0,0,0,47.61162734031677
